{
    "confidence_score": 0.41340023279190063,
    "ptm": 0.4868239462375641,
    "iptm": 0.2208486646413803,
    "ligand_iptm": 0.0,
    "protein_iptm": 0.0,
    "complex_plddt": 0.4615381360054016,
    "complex_iplddt": 0.5235429406166077,
    "complex_pde": 1.4339152574539185,
    "complex_ipde": 2.9292423725128174,
    "chains_ptm": {
        "0": 0.5465847253799438,
        "1": 0.8308343291282654,
        "2": 0.8086958527565002
    },
    "pair_chains_iptm": {
        "0": {
            "0": 0.5465847253799438,
            "1": 0.1638718843460083,
            "2": 0.16222026944160461
        },
        "1": {
            "0": 0.20071062445640564,
            "1": 0.8308343291282654,
            "2": 0.796757161617279
        },
        "2": {
            "0": 0.19168323278427124,
            "1": 0.8012990951538086,
            "2": 0.8086958527565002
        }
    }
}