{
    "confidence_score": 0.4001663327217102,
    "ptm": 0.37789636850357056,
    "iptm": 0.16987483203411102,
    "ligand_iptm": 0.0,
    "protein_iptm": 0.0,
    "complex_plddt": 0.4577392041683197,
    "complex_iplddt": 0.5154827237129211,
    "complex_pde": 2.1465697288513184,
    "complex_ipde": 3.470705509185791,
    "chains_ptm": {
        "0": 0.4317152798175812,
        "1": 0.8027828931808472,
        "2": 0.7925072312355042
    },
    "pair_chains_iptm": {
        "0": {
            "0": 0.4317152798175812,
            "1": 0.1110590472817421,
            "2": 0.1122162863612175
        },
        "1": {
            "0": 0.12552253901958466,
            "1": 0.8027828931808472,
            "2": 0.7768142223358154
        },
        "2": {
            "0": 0.12329434603452682,
            "1": 0.7851818203926086,
            "2": 0.7925072312355042
        }
    }
}