{
    "confidence_score": 0.43132659792900085,
    "ptm": 0.48432883620262146,
    "iptm": 0.2239561229944229,
    "ligand_iptm": 0.0,
    "protein_iptm": 0.0,
    "complex_plddt": 0.48316919803619385,
    "complex_iplddt": 0.49812212586402893,
    "complex_pde": 1.568967580795288,
    "complex_ipde": 4.195662975311279,
    "chains_ptm": {
        "0": 0.563897967338562,
        "1": 0.8288240432739258,
        "2": 0.8266412019729614
    },
    "pair_chains_iptm": {
        "0": {
            "0": 0.563897967338562,
            "1": 0.15698018670082092,
            "2": 0.15873324871063232
        },
        "1": {
            "0": 0.13104601204395294,
            "1": 0.8288240432739258,
            "2": 0.8089554309844971
        },
        "2": {
            "0": 0.13261555135250092,
            "1": 0.8155921697616577,
            "2": 0.8266412019729614
        }
    }
}