{
    "confidence_score": 0.5807446837425232,
    "ptm": 0.6404517292976379,
    "iptm": 0.7124905586242676,
    "ligand_iptm": 0.0,
    "protein_iptm": 0.0,
    "complex_plddt": 0.5478082299232483,
    "complex_iplddt": 0.6103594899177551,
    "complex_pde": 1.211212396621704,
    "complex_ipde": 1.4271421432495117,
    "chains_ptm": {
        "0": 0.6266874670982361,
        "1": 0.8017450571060181,
        "2": 0.8174693584442139
    },
    "pair_chains_iptm": {
        "0": {
            "0": 0.6266874670982361,
            "1": 0.5321357250213623,
            "2": 0.534891664981842
        },
        "1": {
            "0": 0.7116695046424866,
            "1": 0.8017450571060181,
            "2": 0.7839006185531616
        },
        "2": {
            "0": 0.7133111357688904,
            "1": 0.7973620891571045,
            "2": 0.8174693584442139
        }
    }
}