{
    "confidence_score": 0.45778894424438477,
    "ptm": 0.41885906457901,
    "iptm": 0.0,
    "ligand_iptm": 0.0,
    "protein_iptm": 0.0,
    "complex_plddt": 0.46752139925956726,
    "complex_iplddt": 0.0,
    "complex_pde": 2.4686667919158936,
    "complex_ipde": 0.0,
    "chains_ptm": {
        "0": 0.41885906457901
    },
    "pair_chains_iptm": {
        "0": {
            "0": 0.41885906457901
        }
    }
}