{
    "confidence_score": 0.5007673501968384,
    "ptm": 0.37594735622406006,
    "iptm": 0.3407830595970154,
    "ligand_iptm": 0.0,
    "protein_iptm": 0.0,
    "complex_plddt": 0.5407633781433105,
    "complex_iplddt": 0.7219006419181824,
    "complex_pde": 1.2282133102416992,
    "complex_ipde": 1.441262125968933,
    "chains_ptm": {
        "0": 0.43508031964302063,
        "1": 0.888058602809906,
        "2": 0.8829703330993652
    },
    "pair_chains_iptm": {
        "0": {
            "0": 0.43508031964302063,
            "1": 0.1841675490140915,
            "2": 0.18513186275959015
        },
        "1": {
            "0": 0.3454558253288269,
            "1": 0.888058602809906,
            "2": 0.8828912377357483
        },
        "2": {
            "0": 0.33678144216537476,
            "1": 0.8865748047828674,
            "2": 0.8829703330993652
        }
    }
}