{
    "confidence_score": 0.5711449980735779,
    "ptm": 0.7359052896499634,
    "iptm": 0.4380713403224945,
    "ligand_iptm": 0.0,
    "protein_iptm": 0.0,
    "complex_plddt": 0.6044133901596069,
    "complex_iplddt": 0.6401944756507874,
    "complex_pde": 0.7674989104270935,
    "complex_ipde": 1.5766113996505737,
    "chains_ptm": {
        "0": 0.8518084287643433,
        "1": 0.8260524272918701,
        "2": 0.8184112906455994
    },
    "pair_chains_iptm": {
        "0": {
            "0": 0.8518084287643433,
            "1": 0.3735455870628357,
            "2": 0.3815974295139313
        },
        "1": {
            "0": 0.3622037470340729,
            "1": 0.8260524272918701,
            "2": 0.816947340965271
        },
        "2": {
            "0": 0.3645116984844208,
            "1": 0.8112319707870483,
            "2": 0.8184112906455994
        }
    }
}