{
    "confidence_score": 0.8549867868423462,
    "ptm": 0.9137402772903442,
    "iptm": 0.901463508605957,
    "ligand_iptm": 0.0,
    "protein_iptm": 0.0,
    "complex_plddt": 0.8433676362037659,
    "complex_iplddt": 0.8658784627914429,
    "complex_pde": 0.3071713447570801,
    "complex_ipde": 0.32480350136756897,
    "chains_ptm": {
        "0": 0.9162424802780151,
        "1": 0.9061219692230225,
        "2": 0.9026130437850952
    },
    "pair_chains_iptm": {
        "0": {
            "0": 0.9162424802780151,
            "1": 0.8500620126724243,
            "2": 0.8493548631668091
        },
        "1": {
            "0": 0.909644365310669,
            "1": 0.9061219692230225,
            "2": 0.9052354097366333
        },
        "2": {
            "0": 0.8932822346687317,
            "1": 0.9065653681755066,
            "2": 0.9026130437850952
        }
    }
}