{
    "confidence_score": 0.48080047965049744,
    "ptm": 0.3586925268173218,
    "iptm": 0.4939795136451721,
    "ligand_iptm": 0.0,
    "protein_iptm": 0.0,
    "complex_plddt": 0.47750571370124817,
    "complex_iplddt": 0.6833211183547974,
    "complex_pde": 2.3695716857910156,
    "complex_ipde": 1.2153829336166382,
    "chains_ptm": {
        "0": 0.3461683392524719,
        "1": 0.8748636245727539,
        "2": 0.8728200793266296
    },
    "pair_chains_iptm": {
        "0": {
            "0": 0.3461683392524719,
            "1": 0.22004114091396332,
            "2": 0.21717490255832672
        },
        "1": {
            "0": 0.4908548593521118,
            "1": 0.8748636245727539,
            "2": 0.8586370348930359
        },
        "2": {
            "0": 0.4971039295196533,
            "1": 0.8772599101066589,
            "2": 0.8728200793266296
        }
    }
}