{
    "confidence_score": 0.4586486518383026,
    "ptm": 0.36694225668907166,
    "iptm": 0.0,
    "ligand_iptm": 0.0,
    "protein_iptm": 0.0,
    "complex_plddt": 0.48157522082328796,
    "complex_iplddt": 0.0,
    "complex_pde": 2.392446517944336,
    "complex_ipde": 0.0,
    "chains_ptm": {
        "0": 0.36694225668907166
    },
    "pair_chains_iptm": {
        "0": {
            "0": 0.36694225668907166
        }
    }
}