{
    "confidence_score": 0.8227655291557312,
    "ptm": 0.7572128772735596,
    "iptm": 0.0,
    "ligand_iptm": 0.0,
    "protein_iptm": 0.0,
    "complex_plddt": 0.8391537070274353,
    "complex_iplddt": 0.0,
    "complex_pde": 0.5041682720184326,
    "complex_ipde": 0.0,
    "chains_ptm": {
        "0": 0.7572128772735596
    },
    "pair_chains_iptm": {
        "0": {
            "0": 0.7572128772735596
        }
    }
}