{
    "confidence_score": 0.4847230613231659,
    "ptm": 0.48107367753982544,
    "iptm": 0.0,
    "ligand_iptm": 0.0,
    "protein_iptm": 0.0,
    "complex_plddt": 0.4856353998184204,
    "complex_iplddt": 0.0,
    "complex_pde": 2.4623284339904785,
    "complex_ipde": 0.0,
    "chains_ptm": {
        "0": 0.48107367753982544
    },
    "pair_chains_iptm": {
        "0": {
            "0": 0.48107367753982544
        }
    }
}