{
    "confidence_score": 0.6052713394165039,
    "ptm": 0.5882130265235901,
    "iptm": 0.0,
    "ligand_iptm": 0.0,
    "protein_iptm": 0.0,
    "complex_plddt": 0.6095359325408936,
    "complex_iplddt": 0.0,
    "complex_pde": 1.4935142993927002,
    "complex_ipde": 0.0,
    "chains_ptm": {
        "0": 0.5882130265235901
    },
    "pair_chains_iptm": {
        "0": {
            "0": 0.5882130265235901
        }
    }
}