{
    "confidence_score": 0.5258089900016785,
    "ptm": 0.6516067385673523,
    "iptm": 0.45952826738357544,
    "ligand_iptm": 0.0,
    "protein_iptm": 0.0,
    "complex_plddt": 0.5423792004585266,
    "complex_iplddt": 0.6436136364936829,
    "complex_pde": 1.2104883193969727,
    "complex_ipde": 1.3693755865097046,
    "chains_ptm": {
        "0": 0.6897053718566895,
        "1": 0.8499102592468262,
        "2": 0.826091468334198
    },
    "pair_chains_iptm": {
        "0": {
            "0": 0.6897053718566895,
            "1": 0.3996178209781647,
            "2": 0.3860376477241516
        },
        "1": {
            "0": 0.4569884240627289,
            "1": 0.8499102592468262,
            "2": 0.8237464427947998
        },
        "2": {
            "0": 0.46206796169281006,
            "1": 0.8281242251396179,
            "2": 0.826091468334198
        }
    }
}